Apellidos,Nombres,Correo,Nota,Codigo,Asunto
Esculapia Chihuahua,Sila Leria,pepe.valdivia.caballero@gmail.com,13,PP-03,Sila Esculapia
Easseby,Fred,feasseby0@webs.com,15,PP-02,Easseby Fred
Easseby,Fred,feasseby0@webs.com,15,PP-01,Fred Easseby
Drewe,Solomon,sdrewe1@creativecommons.org,20,PP00,Solomon Drewe
Abbott,Horton,habbott2@about.com,16,PP01,Horton Abbott
Ethridge,D'arcy,dethridge3@instagram.com,18,PP02,D'arcy Ethridge
Barlass,Kimmi,kbarlass4@google.com.hk,13,PP03,Kimmi Barlass
Beran,Horatius,hberan5@mediafire.com,14,PP04,Horatius Beran
Whipp,Cathleen,cwhipp6@quantcast.com,12,PP05,Cathleen Whipp
Fairtlough,Fae,ffairtlough7@opera.com,12,PP06,Fae Fairtlough
De la Perrelle,Katha,kdelaperrelle8@ifeng.com,14,PP07,Katha De la Perrelle
Ferrettino,Jo ann,jferrettino9@buzzfeed.com,14,PP08,Jo ann Ferrettino
Danilchik,George,gdanilchika@imgur.com,13,PP09,George Danilchik
Nichols,Mylo,mnicholsb@biglobe.ne.jp,13,PP10,Mylo Nichols
Battisson,Astrix,abattissonc@newyorker.com,14,PP11,Astrix Battisson
Fullerd,Leese,lfullerdd@pagesperso-orange.fr,17,PP12,Leese Fullerd
Newham,Theressa,tnewhame@dailymail.co.uk,12,PP13,Theressa Newham
Fatkin,Kimmy,kfatkinf@nyu.edu,12,PP14,Kimmy Fatkin
Howes,Zelig,zhowesg@jimdo.com,18,PP15,Zelig Howes
Lemmen,Joye,jlemmenh@phoca.cz,13,PP16,Joye Lemmen
Youle,Mignon,myoulei@usda.gov,12,PP17,Mignon Youle
Brompton,Shandy,sbromptonj@bizjournals.com,17,PP18,Shandy Brompton
Teaze,Ciel,cteazek@who.int,13,PP19,Ciel Teaze
Gartrell,Elsey,egartrelll@hhs.gov,12,PP20,Elsey Gartrell
Weavers,Myrlene,mweaversm@php.net,19,PP21,Myrlene Weavers
Pepineaux,Artie,apepineauxn@unicef.org,13,PP22,Artie Pepineaux
Tomankiewicz,Abigale,atomankiewiczo@senate.gov,12,PP23,Abigale Tomankiewicz
Bizley,Carver,cbizleyp@scientificamerican.com,13,PP24,Carver Bizley
Hellin,Lu,lhellinq@xrea.com,15,PP25,Lu Hellin
McAvaddy,Mollie,mmcavaddyr@comsenz.com,20,PP26,Mollie McAvaddy
Brilon,Christophe,cbrilons@reddit.com,15,PP27,Christophe Brilon
Ensor,Lind,lensort@bizjournals.com,20,PP28,Lind Ensor
Brown,Janeen,jbrownu@cnn.com,15,PP29,Janeen Brown
Whilde,Con,cwhildev@freewebs.com,14,PP30,Con Whilde
Tiddeman,Melamie,mtiddemanw@gov.uk,12,PP31,Melamie Tiddeman
Franses,Ilyssa,ifransesx@cnet.com,17,PP32,Ilyssa Franses
Lohde,Vasilis,vlohdey@biglobe.ne.jp,14,PP33,Vasilis Lohde
Suff,Germaine,gsuffz@indiatimes.com,16,PP34,Germaine Suff
Canland,Moises,mcanland10@webmd.com,13,PP35,Moises Canland
Longridge,Ruperto,rlongridge11@google.com.au,18,PP36,Ruperto Longridge
Dolohunty,Vicki,vdolohunty12@123-reg.co.uk,14,PP37,Vicki Dolohunty
Estrella,Rickie,restrella13@dedecms.com,18,PP38,Rickie Estrella
Drakard,Idalia,idrakard14@netvibes.com,16,PP39,Idalia Drakard
Clarae,Bennett,bclarae15@ucoz.com,16,PP40,Bennett Clarae
Larwell,Melony,mlarwell16@wufoo.com,13,PP41,Melony Larwell
Tansill,Dougy,dtansill17@simplemachines.org,13,PP42,Dougy Tansill
Walkinshaw,Emili,ewalkinshaw18@scribd.com,13,PP43,Emili Walkinshaw
Rodolfi,Nonnah,nrodolfi19@example.com,12,PP44,Nonnah Rodolfi
Kiley,Vaughan,vkiley1a@stumbleupon.com,12,PP45,Vaughan Kiley
Misk,Joann,jmisk1b@gravatar.com,13,PP46,Joann Misk
Eilhart,Maisie,meilhart1c@miibeian.gov.cn,14,PP47,Maisie Eilhart
Petegre,Cirstoforo,cpetegre1d@wikispaces.com,18,PP48,Cirstoforo Petegre
Kivell,Frederik,fkivell1e@so-net.ne.jp,12,PP49,Frederik Kivell
Cumberland,Josefa,jcumberland1f@hud.gov,12,PP50,Josefa Cumberland
Babcock,Kristine,kbabcock1g@ebay.com,14,PP51,Kristine Babcock
Pfeiffer,Carrissa,cpfeiffer1h@xinhuanet.com,14,PP52,Carrissa Pfeiffer
Yuryshev,Ardys,ayuryshev1i@cocolog-nifty.com,19,PP53,Ardys Yuryshev
Nassy,Ardene,anassy1j@de.vu,15,PP54,Ardene Nassy
MacCauley,Lena,lmaccauley1k@slate.com,16,PP55,Lena MacCauley
Prine,Lauraine,lprine1l@goo.ne.jp,19,PP56,Lauraine Prine
Cregg,Paloma,pcregg1m@oaic.gov.au,16,PP57,Paloma Cregg
Eliaz,Merell,meliaz1n@irs.gov,18,PP58,Merell Eliaz
Jedrzej,Janeen,jjedrzej1o@hibu.com,14,PP59,Janeen Jedrzej
L'argent,Olenolin,olargent1p@baidu.com,14,PP60,Olenolin L'argent
Tabord,Morse,mtabord1q@miibeian.gov.cn,15,PP61,Morse Tabord
Benfield,Fae,fbenfield1r@globo.com,20,PP62,Fae Benfield
Zealy,Crysta,czealy1s@elegantthemes.com,15,PP63,Crysta Zealy
Von Brook,Maggie,mvonbrook1t@mail.ru,18,PP64,Maggie Von Brook
Skpsey,Alina,askpsey1u@google.cn,18,PP65,Alina Skpsey
Sneezum,Llywellyn,lsneezum1v@unicef.org,14,PP66,Llywellyn Sneezum
Agus,Rene,ragus1w@shareasale.com,15,PP67,Rene Agus
Gothard,Tiena,tgothard1x@stumbleupon.com,19,PP68,Tiena Gothard
McFetrich,Lotta,lmcfetrich1y@macromedia.com,20,PP69,Lotta McFetrich
Keach,Fayre,fkeach1z@ted.com,19,PP70,Fayre Keach
Vinecombe,Rhona,rvinecombe20@omniture.com,14,PP71,Rhona Vinecombe
Edger,Jethro,jedger21@squidoo.com,18,PP72,Jethro Edger
Scurman,Lane,lscurman22@about.me,12,PP73,Lane Scurman
Brown,Cristiano,cbrown23@opera.com,20,PP74,Cristiano Brown
Vinall,Doll,dvinall24@google.de,18,PP75,Doll Vinall
Clarke,Floris,fclarke25@behance.net,20,PP76,Floris Clarke
Calliss,Moore,mcalliss26@globo.com,20,PP77,Moore Calliss
Cabrara,Hillyer,hcabrara27@ucsd.edu,12,PP78,Hillyer Cabrara
Littledike,Lettie,llittledike28@webnode.com,14,PP79,Lettie Littledike
Robet,Jolene,jrobet29@etsy.com,17,PP80,Jolene Robet
Marcinkus,Uri,umarcinkus2a@i2i.jp,20,PP81,Uri Marcinkus
Brearty,Lanny,lbrearty2b@sciencedirect.com,16,PP82,Lanny Brearty
Stickley,Melantha,mstickley2c@bbc.co.uk,15,PP83,Melantha Stickley
Prudham,Emmit,eprudham2d@businessinsider.com,15,PP84,Emmit Prudham
Jorgesen,Teodoro,tjorgesen2e@feedburner.com,15,PP85,Teodoro Jorgesen
Perchard,Earle,eperchard2f@photobucket.com,20,PP86,Earle Perchard
Hamfleet,Maudie,mhamfleet2g@scientificamerican.com,16,PP87,Maudie Hamfleet
Mallam,Drugi,dmallam2h@gnu.org,13,PP88,Drugi Mallam
Pennycuick,Cesare,cpennycuick2i@webnode.com,12,PP89,Cesare Pennycuick
Mortimer,Fernando,fmortimer2j@wikipedia.org,16,PP90,Fernando Mortimer
Rivelin,Woodman,wrivelin2k@miitbeian.gov.cn,14,PP91,Woodman Rivelin
Gabites,Clevey,cgabites2l@slate.com,17,PP92,Clevey Gabites
Madeley,Wiley,wmadeley2m@sogou.com,17,PP93,Wiley Madeley
Eliasson,Dore,deliasson2n@seesaa.net,14,PP94,Dore Eliasson
Bernucci,Hortense,hbernucci2o@edublogs.org,12,PP95,Hortense Bernucci
Raoul,Kassandra,kraoul2p@vk.com,17,PP96,Kassandra Raoul
Pierri,Anthea,apierri2q@mlb.com,17,PP97,Anthea Pierri
Bernadzki,Gerri,gbernadzki2r@icq.com,20,PP98,Gerri Bernadzki
De la Yglesias,Bertha,bdelayglesias2s@accuweather.com,13,PP99,Bertha De la Yglesias
Warbey,Catriona,cwarbey2t@hubpages.com,18,PP100,Catriona Warbey
Jori,Mella,mjori2u@goo.ne.jp,12,PP101,Mella Jori
Mottram,Rudolph,rmottram2v@facebook.com,15,PP102,Rudolph Mottram
Martinon,Allen,amartinon2w@go.com,18,PP103,Allen Martinon
Asple,Lezley,lasple2x@nifty.com,12,PP104,Lezley Asple
Grevile,Thorpe,tgrevile2y@stumbleupon.com,16,PP105,Thorpe Grevile
Kerswill,Frank,fkerswill2z@blogtalkradio.com,12,PP106,Frank Kerswill
Pretsel,Jacki,jpretsel30@yellowpages.com,13,PP107,Jacki Pretsel
Golds,Lora,lgolds31@engadget.com,12,PP108,Lora Golds
Elstub,Alameda,aelstub32@springer.com,17,PP109,Alameda Elstub
Sharer,Petra,psharer33@apache.org,14,PP110,Petra Sharer
Trigwell,Audie,atrigwell34@webs.com,17,PP111,Audie Trigwell
Otham,Rocky,rotham35@nationalgeographic.com,16,PP112,Rocky Otham
Guidera,Freeland,fguidera36@craigslist.org,18,PP113,Freeland Guidera
Coye,Brandais,bcoye37@chronoengine.com,15,PP114,Brandais Coye
Tregea,Langston,ltregea38@networksolutions.com,20,PP115,Langston Tregea
Bierton,Reube,rbierton39@si.edu,20,PP116,Reube Bierton
Blumson,Napoleon,nblumson3a@elegantthemes.com,20,PP117,Napoleon Blumson
Snodin,Tillie,tsnodin3b@usatoday.com,18,PP118,Tillie Snodin
Sapsford,Jordan,jsapsford3c@wufoo.com,17,PP119,Jordan Sapsford
Venny,Corly,cvenny3d@dropbox.com,15,PP120,Corly Venny
Rumming,Anet,arumming3e@pagesperso-orange.fr,18,PP121,Anet Rumming
Stanner,Lotte,lstanner3f@parallels.com,17,PP122,Lotte Stanner
Starie,Merrill,mstarie3g@cam.ac.uk,14,PP123,Merrill Starie
Tice,Walker,wtice3h@alexa.com,14,PP124,Walker Tice
Kitching,Kassandra,kkitching3i@addtoany.com,19,PP125,Kassandra Kitching
McAlister,Cindie,cmcalister3j@hugedomains.com,16,PP126,Cindie McAlister
Hawley,Gertie,ghawley3k@e-recht24.de,18,PP127,Gertie Hawley
Hugnot,Zared,zhugnot3l@army.mil,20,PP128,Zared Hugnot
Margaritelli,Giulietta,gmargaritelli3m@wsj.com,15,PP129,Giulietta Margaritelli
Baverstock,Graehme,gbaverstock3n@businessweek.com,14,PP130,Graehme Baverstock
Akrigg,Clarinda,cakrigg3o@desdev.cn,13,PP131,Clarinda Akrigg
Jeanet,Sergio,sjeanet3p@t-online.de,20,PP132,Sergio Jeanet
Nicholes,Marika,mnicholes3q@bing.com,14,PP133,Marika Nicholes
Giraldon,Corbett,cgiraldon3r@networksolutions.com,14,PP134,Corbett Giraldon
Houten,Anthea,ahouten3s@blogspot.com,15,PP135,Anthea Houten
Tomaskov,Eward,etomaskov3t@fc2.com,12,PP136,Eward Tomaskov
McInnes,Molli,mmcinnes3u@mayoclinic.com,13,PP137,Molli McInnes
Cannan,Bette,bcannan3v@amazon.de,12,PP138,Bette Cannan
Beggs,Salomo,sbeggs3w@noaa.gov,17,PP139,Salomo Beggs
Ewbanks,Adam,aewbanks3x@qq.com,17,PP140,Adam Ewbanks
Sigars,Mattias,msigars3y@cisco.com,15,PP141,Mattias Sigars
Thurling,Dorian,dthurling3z@google.de,14,PP142,Dorian Thurling
Savile,Serge,ssavile40@nifty.com,18,PP143,Serge Savile
Northrop,Cecil,cnorthrop41@marketwatch.com,13,PP144,Cecil Northrop
Vasser,Bathsheba,bvasser42@aboutads.info,16,PP145,Bathsheba Vasser
Tooher,Webb,wtooher43@sitemeter.com,12,PP146,Webb Tooher
Sandhill,Elisa,esandhill44@apache.org,16,PP147,Elisa Sandhill
Mergue,Paton,pmergue45@usda.gov,18,PP148,Paton Mergue
Boice,Zebadiah,zboice46@boston.com,20,PP149,Zebadiah Boice
Coveny,Johny,jcoveny47@squidoo.com,12,PP150,Johny Coveny
Tizard,Phillis,ptizard48@vimeo.com,16,PP151,Phillis Tizard
Leppo,Norene,nleppo49@imageshack.us,18,PP152,Norene Leppo
Vondra,Harlene,hvondra4a@msu.edu,13,PP153,Harlene Vondra
Richardot,Otho,orichardot4b@cbslocal.com,18,PP154,Otho Richardot
Emm,Joli,jemm4c@cpanel.net,16,PP155,Joli Emm
Dradey,Carlye,cdradey4d@tmall.com,17,PP156,Carlye Dradey
Smerdon,Ysabel,ysmerdon4e@boston.com,20,PP157,Ysabel Smerdon
Stummeyer,Spike,sstummeyer4f@google.com.br,15,PP158,Spike Stummeyer
Blaby,Kippie,kblaby4g@google.co.jp,12,PP159,Kippie Blaby
Kobiera,Konrad,kkobiera4h@utexas.edu,20,PP160,Konrad Kobiera
Root,Adriano,aroot4i@storify.com,19,PP161,Adriano Root
Vurley,Skip,svurley4j@github.io,19,PP162,Skip Vurley
Bedinham,Philippe,pbedinham4k@adobe.com,12,PP163,Philippe Bedinham
Wolvey,Mirelle,mwolvey4l@thetimes.co.uk,17,PP164,Mirelle Wolvey
Prall,Ron,rprall4m@alexa.com,18,PP165,Ron Prall
Rival,Bastien,brival4n@tumblr.com,12,PP166,Bastien Rival
Szwarc,Almire,aszwarc4o@discovery.com,20,PP167,Almire Szwarc
Everit,Alyss,aeverit4p@wix.com,17,PP168,Alyss Everit
Baumert,Nydia,nbaumert4q@ucoz.com,12,PP169,Nydia Baumert
Faireclough,Jeffrey,jfaireclough4r@imdb.com,19,PP170,Jeffrey Faireclough
Arpur,Kinnie,karpur4s@i2i.jp,20,PP171,Kinnie Arpur
Patterfield,Barbra,bpatterfield4t@tripadvisor.com,13,PP172,Barbra Patterfield
Bocke,Trenna,tbocke4u@squarespace.com,14,PP173,Trenna Bocke
Stabbins,Taddeo,tstabbins4v@naver.com,18,PP174,Taddeo Stabbins
Curnock,Adham,acurnock4w@weibo.com,20,PP175,Adham Curnock
Kalb,Ondrea,okalb4x@ed.gov,14,PP176,Ondrea Kalb
Paladini,Hartley,hpaladini4y@123-reg.co.uk,13,PP177,Hartley Paladini
Slegg,Talya,tslegg4z@shutterfly.com,16,PP178,Talya Slegg
Guilfoyle,Lura,lguilfoyle50@alibaba.com,18,PP179,Lura Guilfoyle
Rostern,Ellsworth,erostern51@narod.ru,20,PP180,Ellsworth Rostern
Tidd,Emlyn,etidd52@odnoklassniki.ru,20,PP181,Emlyn Tidd
Kobel,Lindon,lkobel53@psu.edu,17,PP182,Lindon Kobel
Sanpher,Tabbie,tsanpher54@tripadvisor.com,15,PP183,Tabbie Sanpher
Lauks,Fredelia,flauks55@archive.org,12,PP184,Fredelia Lauks
Allebone,Quintus,qallebone56@domainmarket.com,12,PP185,Quintus Allebone
Humphrys,Alissa,ahumphrys57@mashable.com,12,PP186,Alissa Humphrys
Medwell,Hartwell,hmedwell58@youtu.be,16,PP187,Hartwell Medwell
Cattellion,Gaelan,gcattellion59@walmart.com,12,PP188,Gaelan Cattellion
Troucher,Alden,atroucher5a@lycos.com,14,PP189,Alden Troucher
Chestnut,Hobie,hchestnut5b@chronoengine.com,14,PP190,Hobie Chestnut
Wolverson,Kaitlyn,kwolverson5c@ow.ly,14,PP191,Kaitlyn Wolverson
Johann,Lovell,ljohann5d@google.ru,18,PP192,Lovell Johann
Redmore,Jennee,jredmore5e@indiatimes.com,15,PP193,Jennee Redmore
Benedek,Cahra,cbenedek5f@diigo.com,16,PP194,Cahra Benedek
Schneider,Valma,vschneider5g@usda.gov,20,PP195,Valma Schneider
Turpie,Karon,kturpie5h@godaddy.com,15,PP196,Karon Turpie
Chanter,Tracy,tchanter5i@vkontakte.ru,14,PP197,Tracy Chanter
