Apellidos,Nombres,Correo,Nota,Codigo,Asunto
Aarons Daubeny,Cherlyn Jobye,jdaubenygr@is.gd,18,R-18,Felicitaciones Cherlyn Jobye
Abadam Northill,Gretel Myrlene,mnorthill1c@cbc.ca,17,R-17,Felicitaciones Gretel Myrlene
Abercrombie Iashvili,Aylmar Goober,giashviliz@apple.com,20,R-20,Felicitaciones Aylmar Goober
Abrahams Moisey,Meade Shay,smoisey0@google.de,16,R-16,Felicitaciones Meade Shay
Ackerley Canning,Chip Daren,dcanning8z@independent.co.uk,17,R-17,Felicitaciones Chip Daren
Adamolli Burkwood,Marguerite Greer,gburkwood6t@wiley.com,14,R-14,Felicitaciones Marguerite Greer
Aguilar Thornewill,Gannie Ludvig,lthornewill7b@youtube.com,19,R-19,Felicitaciones Gannie Ludvig
Ahrendsen Hanniger,Jameson Bernardo,bhannigerb0@blogspot.com,16,R-16,Felicitaciones Jameson Bernardo
Ailward Shervington,Valma Brit,bshervingtonm8@altervista.org,17,R-17,Felicitaciones Valma Brit
Alabone Radborne,Jenni Iris,iradborneep@sitemeter.com,15,R-15,Felicitaciones Jenni Iris
Alekseev Geri,Willy Guenna,ggerij7@sciencedirect.com,14,R-14,Felicitaciones Willy Guenna
Alekseicik Sarl,Shelden Vern,vsarlqa@guardian.co.uk,19,R-19,Felicitaciones Shelden Vern
